,userId,title
0,6,Bad Boys
1,18,Bad Boys
2,21,Bad Boys
3,28,Bad Boys
4,34,Bad Boys
5,82,Bad Boys
6,99,Bad Boys
7,111,Bad Boys
8,136,Bad Boys
9,162,Bad Boys
10,181,Bad Boys
11,187,Bad Boys
12,226,Bad Boys
13,232,Bad Boys
14,243,Bad Boys
15,244,Bad Boys
16,249,Bad Boys
17,266,Bad Boys
18,274,Bad Boys
19,284,Bad Boys
20,305,Bad Boys
21,307,Bad Boys
22,318,Bad Boys
23,337,Bad Boys
24,349,Bad Boys
25,353,Bad Boys
26,361,Bad Boys
27,380,Bad Boys
28,402,Bad Boys
29,414,Bad Boys
30,425,Bad Boys
31,428,Bad Boys
32,436,Bad Boys
33,438,Bad Boys
34,447,Bad Boys
35,448,Bad Boys
36,453,Bad Boys
37,483,Bad Boys
38,495,Bad Boys
39,510,Bad Boys
40,540,Bad Boys
41,555,Bad Boys
42,559,Bad Boys
43,561,Bad Boys
44,592,Bad Boys
45,594,Bad Boys
46,597,Bad Boys
47,599,Bad Boys
48,600,Bad Boys
49,603,Bad Boys
50,608,Bad Boys
51,18,Thor
52,62,Thor
53,68,Thor
54,73,Thor
55,106,Thor
56,125,Thor
57,139,Thor
58,177,Thor
59,184,Thor
60,246,Thor
61,249,Thor
62,274,Thor
63,291,Thor
64,292,Thor
65,298,Thor
66,332,Thor
67,339,Thor
68,344,Thor
69,380,Thor
70,414,Thor
71,432,Thor
72,448,Thor
73,475,Thor
74,489,Thor
75,509,Thor
76,525,Thor
77,534,Thor
78,550,Thor
79,561,Thor
80,567,Thor
81,573,Thor
82,596,Thor
83,599,Thor
84,610,Thor
85,21,21 Jump Street
86,30,21 Jump Street
87,68,21 Jump Street
88,73,21 Jump Street
89,89,21 Jump Street
90,111,21 Jump Street
91,122,21 Jump Street
92,125,21 Jump Street
93,212,21 Jump Street
94,249,21 Jump Street
95,280,21 Jump Street
96,298,21 Jump Street
97,305,21 Jump Street
98,318,21 Jump Street
99,352,21 Jump Street
100,365,21 Jump Street
101,448,21 Jump Street
102,484,21 Jump Street
103,509,21 Jump Street
104,525,21 Jump Street
105,534,21 Jump Street
106,550,21 Jump Street
107,560,21 Jump Street
108,564,21 Jump Street
109,596,21 Jump Street
110,599,21 Jump Street
111,25,Avengers: Infinity War - Part I
112,62,Avengers: Infinity War - Part I
113,98,Avengers: Infinity War - Part I
114,184,Avengers: Infinity War - Part I
115,233,Avengers: Infinity War - Part I
116,248,Avengers: Infinity War - Part I
117,249,Avengers: Infinity War - Part I
118,305,Avengers: Infinity War - Part I
119,338,Avengers: Infinity War - Part I
120,380,Avengers: Infinity War - Part I
121,567,Avengers: Infinity War - Part I
122,586,Avengers: Infinity War - Part I
123,596,Avengers: Infinity War - Part I
124,62,Green Lantern
125,68,Green Lantern
126,73,Green Lantern
127,177,Green Lantern
128,249,Green Lantern
129,292,Green Lantern
130,380,Green Lantern
131,414,Green Lantern
132,448,Green Lantern
133,567,Green Lantern
134,68,Bridesmaids
135,73,Bridesmaids
136,89,Bridesmaids
137,111,Bridesmaids
138,122,Bridesmaids
139,177,Bridesmaids
140,249,Bridesmaids
141,280,Bridesmaids
142,292,Bridesmaids
143,298,Bridesmaids
144,306,Bridesmaids
145,317,Bridesmaids
146,448,Bridesmaids
147,484,Bridesmaids
148,490,Bridesmaids
149,491,Bridesmaids
150,495,Bridesmaids
151,525,Bridesmaids
152,563,Bridesmaids
153,564,Bridesmaids
154,610,Bridesmaids
155,73,Bad Teacher
156,111,Bad Teacher
157,249,Bad Teacher
158,298,Bad Teacher
159,305,Bad Teacher
160,365,Bad Teacher
161,448,Bad Teacher
162,489,Bad Teacher
163,509,Bad Teacher
164,89,Rio
165,103,Rio
166,122,Rio
167,233,Rio
168,388,Rio
169,448,Rio
170,561,Rio
171,586,Rio
172,103,Alvin and the Chipmunks: Chipwrecked
173,382,Alvin and the Chipmunks: Chipwrecked
174,212,Oldboy
175,305,Oldboy
176,249,Battle: Los Angeles
177,292,Battle: Los Angeles
178,332,Battle: Los Angeles
179,448,Battle: Los Angeles
180,249,Carnage
181,462,Carnage
182,526,Carnage
183,599,Carnage
184,305,Fast Food Nation
185,318,Fast Food Nation
186,480,Fast Food Nation
187,382,Captain America
188,599,Captain America
189,448,Cars 2
190,586,Cars 2
191,610,Cars 2
192,460,Another Earth
193,563,Beastly
194,599,Atlas Shrugged: Part 1
195,599,Captain America
